"Gene name","Description","Control","Stimulus1","Stimulus2"
"GRAMD1B","GRAM domain containing 1B","1","6","5"
"LPIN1","lipin 1","1","28","27"
"ARHGAP21","Rho GTPase activating protein 21","1","8","14"
"CCDC51","coiled-coil domain containing 51","1","9","25"
"TUBB1","tubulin beta 1 class VI","1","6","1"
"ZNF275","zinc finger protein 275","1","18","7"
"DEFB106A","defensin beta 106A","18","1","3"
"RPP25","ribonuclease P and MRP subunit p25","23","1","24"
"SLC25A38","solute carrier family 25 member 38","16","1","15"
"PSAT1","phosphoserine aminotransferase 1","6","1","24"
"IRF8","interferon regulatory factor 8","20","1","23"
"DOPEY1","dopey family member 1","27","1","1"
"TBX5","T-box 5","13","1","30"
"ZNF639","zinc finger protein 639","0","1","0"
"VSIG8","V-set and immunoglobulin domain containing 8","0","1","0"
"HNRNPR","heterogeneous nuclear ribonucleoprotein R","0","1","0"
"MSRB3","methionine sulfoxide reductase B3","0","1","0"
"AFMID","arylformamidase","3","18","1"
"USP11","ubiquitin specific peptidase 11","28","10","1"
"FBXW11","F-box and WD repeat domain containing 11","26","4","1"
"WDR53","WD repeat domain 53","23","13","1"
"CTRB2","chymotrypsinogen B2","13","6","1"
"SLC35C2","solute carrier family 35 member C2","19","8","1"
"TAS1R1","taste 1 receptor member 1","8","24","1"
"GOLGA6L10","golgin A6 family-like 10","0","0","1"
"ANKH","ANKH inorganic pyrophosphate transport regulator","0","0","1"
"OR10A5","olfactory receptor family 10 subfamily A member 5","0","0","1"
"CFAP74","cilia and flagella associated protein 74","0","0","1"
"ETHE1","ETHE1, persulfide dioxygenase","0","0","1"
"GOLGA8B","golgin A8 family member B","2","16","24"
"ABCA1","ATP binding cassette subfamily A member 1","2","27","21"
"EME1","essential meiotic structure-specific endonuclease 1","2","9","22"
"PRIMA1","proline rich membrane anchor 1","2","13","7"
"VTI1B","vesicle transport through interaction with t-SNAREs 1B","2","0","0"
"ATAD2","ATPase family, AAA domain containing 2","2","0","0"
"NTRK1","neurotrophic receptor tyrosine kinase 1","21","2","17"
"RPF2","ribosome production factor 2 homolog","10","2","27"
"TEX13A","testis expressed 13A","24","2","7"
"SHROOM1","shroom family member 1","15","2","20"
"MEF2B","myocyte enhancer factor 2B","0","2","0"
"C12orf4","chromosome 12 open reading frame 4","0","2","0"
"CLEC3A","C-type lectin domain family 3 member A","23","3","2"
"C10orf107","chromosome 10 open reading frame 107","27","12","2"
"NDUFA9","NADH:ubiquinone oxidoreductase subunit A9","30","11","2"
"ATP12A","ATPase H+/K+ transporting non-gastric alpha2 subunit","22","5","2"
"ZNF783","zinc finger family member 783","26","12","2"
"HHEX","hematopoietically expressed homeobox","0","0","2"
"TRMT12","tRNA methyltransferase 12 homolog","3","3","19"
"SCO2","SCO2, cytochrome c oxidase assembly protein","3","19","18"
"DEFB115","defensin beta 115","3","6","23"
"MYOF","myoferlin","3","23","3"
"MAD2L2","mitotic arrest deficient 2 like 2","3","4","10"
"STXBP5L","syntaxin binding protein 5 like","3","12","19"
"FAM98A","family with sequence similarity 98 member A","3","3","25"
"IFRD2","interferon related developmental regulator 2","3","30","24"
"DGKH","diacylglycerol kinase eta","3","3","15"
"MRGBP","MRG domain binding protein","3","3","10"
"TSPY10","testis specific protein, Y-linked 10","3","5","9"
"SLC20A1","solute carrier family 20 member 1","3","6","4"
"PRG4","proteoglycan 4","3","30","6"
"EFCAB14","EF-hand calcium binding domain 14","3","22","18"
"ITGB1","integrin subunit beta 1","3","0","0"
"METTL4","methyltransferase like 4","3","0","0"
"IL18","interleukin 18","30","3","24"
"TNFAIP1","TNF alpha induced protein 1","27","3","14"
"HAP1","huntingtin associated protein 1","9","3","26"
"ARHGAP42","Rho GTPase activating protein 42","7","3","21"
"SMPDL3B","sphingomyelin phosphodiesterase acid like 3B","10","3","22"
"PARP12","poly(ADP-ribose) polymerase family member 12","19","3","23"
"AHRR","aryl-hydrocarbon receptor repressor","30","3","5"
"PRDM9","PR/SET domain 9","5","3","19"
"ADAMTSL1","ADAMTS like 1","27","3","5"
"C9orf131","chromosome 9 open reading frame 131","17","3","24"
"ERVW-1","endogenous retrovirus group W member 1, envelope","22","3","30"
"ARL3","ADP ribosylation factor like GTPase 3","23","3","6"
"DYNC1I1","dynein cytoplasmic 1 intermediate chain 1","15","3","15"
"PRDM5","PR/SET domain 5","8","3","6"
"C2orf49","chromosome 2 open reading frame 49","8","3","6"
"ZSWIM4","zinc finger SWIM-type containing 4","19","3","26"
"PRR30","proline rich 30","0","3","0"
"ATP6V0E1","ATPase H+ transporting V0 subunit e1","0","3","0"
"SLITRK5","SLIT and NTRK like family member 5","0","3","0"
"SCAI","suppressor of cancer cell invasion","0","3","0"
"EWSR1","EWS RNA binding protein 1","0","3","0"
"PRKACG","protein kinase cAMP-activated catalytic subunit gamma","0","3","0"
"ALDH3B1","aldehyde dehydrogenase 3 family member B1","0","3","0"
"ZSCAN20","zinc finger and SCAN domain containing 20","16","8","3"
"C2orf54","chromosome 2 open reading frame 54","25","5","3"
"PSG7","pregnancy specific beta-1-glycoprotein 7 (gene/pseudogene)","10","17","3"
"OR4F15","olfactory receptor family 4 subfamily F member 15","15","5","3"
"RPRD1A","regulation of nuclear pre-mRNA domain containing 1A","23","15","3"
"HIBADH","3-hydroxyisobutyrate dehydrogenase","28","6","3"
"ST3GAL1","ST3 beta-galactoside alpha-2,3-sialyltransferase 1","4","23","3"
"CCDC126","coiled-coil domain containing 126","15","20","3"
"TTC9C","tetratricopeptide repeat domain 9C","20","14","3"
"ORAI1","ORAI calcium release-activated calcium modulator 1","7","23","3"
"LUZP2","leucine zipper protein 2","30","10","3"
"OR5H14","olfactory receptor family 5 subfamily H member 14","22","26","3"
"NSMCE1","NSE1 homolog, SMC5-SMC6 complex component","15","8","3"
"RNF182","ring finger protein 182","22","9","3"
"PSD4","pleckstrin and Sec7 domain containing 4","5","19","3"
"CEP170","centrosomal protein 170","0","0","3"
"CNR1","cannabinoid receptor 1","0","0","3"
"FGF2","fibroblast growth factor 2","0","0","3"
"GAS1","growth arrest specific 1","0","0","3"
"MYO19","myosin XIX","4","17","10"
"PNPLA6","patatin like phospholipase domain containing 6","4","20","14"
"C1QTNF1","C1q and TNF related 1","4","26","17"
"CCL27","C-C motif chemokine ligand 27","4","26","7"
"DBT","dihydrolipoamide branched chain transacylase E2","4","22","6"
"EGFL8","EGF like domain multiple 8","4","30","19"
"ABCG8","ATP binding cassette subfamily G member 8","4","0","0"
"DACT3","dishevelled binding antagonist of beta catenin 3","4","0","0"
"F8A2","coagulation factor VIII-associated 2","4","0","0"
"HLCS","holocarboxylase synthetase","6","4","29"
"HPGD","hydroxyprostaglandin dehydrogenase 15-(NAD)","19","4","24"
"L2HGDH","L-2-hydroxyglutarate dehydrogenase","11","4","18"
"VHL","von Hippel-Lindau tumor suppressor","17","4","16"
"ZDHHC4","zinc finger DHHC-type containing 4","20","4","6"
"CASKIN1","CASK interacting protein 1","30","4","25"
"ZFPL1","zinc finger protein like 1","14","4","13"
"H1FNT","H1 histone family member N, testis specific","16","4","30"
"IL36B","interleukin 36, beta","8","4","14"
"AZU1","azurocidin 1","24","4","17"
"TMEM238","transmembrane protein 238","0","4","0"
"CDYL","chromodomain Y like","0","4","12"
"PARVG","parvin gamma","0","4","0"
"GPR65","G protein-coupled receptor 65","0","4","0"
"ZNF227","zinc finger protein 227","0","4","0"
"HOOK1","hook microtubule tethering protein 1","0","4","0"
"ANP32B","acidic nuclear phosphoprotein 32 family member B","30","14","4"
"ULBP2","UL16 binding protein 2","5","6","4"
"PAX4","paired box 4","25","17","4"
"NXPH3","neurexophilin 3","9","8","4"
"TLR2","toll like receptor 2","12","14","4"
"HIST3H2A","histone cluster 3 H2A","23","23","4"
"ZNF800","zinc finger protein 800","0","0","4"
"KLHDC2","kelch domain containing 2","0","0","4"
"GP6","glycoprotein VI platelet","0","23","4"
"BIN2","bridging integrator 2","5","22","11"
"THPO","thrombopoietin","5","13","21"
"KIAA1614","KIAA1614","5","18","8"
"ST8SIA3","ST8 alpha-N-acetyl-neuraminide alpha-2,8-sialyltransferase 3","5","6","25"
"GRK3","G protein-coupled receptor kinase 3","5","30","12"
"SNX24","sorting nexin 24","5","24","24"
"XKRY2","XK related, Y-linked 2","5","14","22"
"CD200","CD200 molecule","5","13","8"
"SNRPN","small nuclear ribonucleoprotein polypeptide N","5","9","9"
"PITPNM3","PITPNM family member 3","5","15","18"
"RAP2B","RAP2B, member of RAS oncogene family","5","13","19"
"CRBN","cereblon","5","23","5"
"DNALI1","dynein axonemal light intermediate chain 1","5","0","0"
"FAM124A","family with sequence similarity 124 member A","5","0","0"
"AK6","adenylate kinase 6","5","0","0"
"SCN5A","sodium voltage-gated channel alpha subunit 5","5","0","0"
"PLOD2","procollagen-lysine,2-oxoglutarate 5-dioxygenase 2","5","0","0"
"CLIP4","CAP-Gly domain containing linker protein family member 4","20","5","14"
"CHMP7","charged multivesicular body protein 7","16","5","20"
"ERV3-1","endogenous retrovirus group 3 member 1, envelope","30","5","16"
"GAGE12G","G antigen 12G","15","5","12"
"CLEC6A","C-type lectin domain containing 6A","8","5","18"
"SYVN1","synoviolin 1","20","5","29"
"TMUB2","transmembrane and ubiquitin like domain containing 2","17","5","27"
"HIST1H4K","histone cluster 1 H4 family member k","24","5","30"
"STARD5","StAR related lipid transfer domain containing 5","15","5","15"
"SDCBP2","syndecan binding protein 2","19","5","15"
"KDELR1","KDEL endoplasmic reticulum protein retention receptor 1","17","5","14"
"UGT2A1","UDP glucuronosyltransferase family 2 member A1 complex locus","11","5","6"
"ZNF189","zinc finger protein 189","15","5","12"
"LAT2","linker for activation of T-cells family member 2","0","5","0"
"GOLPH3L","golgi phosphoprotein 3 like","0","5","0"
"TMEM72","transmembrane protein 72","0","5","0"
"ZFY","zinc finger protein, Y-linked","0","5","0"
"C17orf58","chromosome 17 open reading frame 58","23","15","5"
"PMEL","premelanosome protein","14","19","5"
"TNFRSF4","TNF receptor superfamily member 4","21","30","5"
"C10orf142","chromosome 10 open reading frame 142","21","19","5"
"FITM1","fat storage inducing transmembrane protein 1","14","15","5"
"ERBIN","erbb2 interacting protein","7","13","5"
"CANX","calnexin","9","14","5"
"PNCK","pregnancy up-regulated nonubiquitous CaM kinase","8","6","5"
"SLC1A5","solute carrier family 1 member 5","14","20","5"
"COL7A1","collagen type VII alpha 1 chain","18","14","5"
"KIAA1257","KIAA1257","0","0","5"
"CCBE1","collagen and calcium binding EGF domains 1","0","0","5"
"WNK4","WNK lysine deficient protein kinase 4","0","0","5"
"ARHGAP28","Rho GTPase activating protein 28","0","0","5"
"DCAKD","dephospho-CoA kinase domain containing","0","0","5"
"ALDH1L1","aldehyde dehydrogenase 1 family member L1","0","0","5"
"CNIH3","cornichon family AMPA receptor auxiliary protein 3","6","28","12"
"CBLN1","cerebellin 1 precursor","6","14","30"
"IL34","interleukin 34","6","14","19"
"SLC35B1","solute carrier family 35 member B1","6","30","13"
"PLSCR3","phospholipid scramblase 3","6","23","17"
"FANCL","Fanconi anemia complementation group L","6","28","17"
"CYP26B1","cytochrome P450 family 26 subfamily B member 1","6","17","22"
"TFF1","trefoil factor 1","6","7","20"
"MNX1","motor neuron and pancreas homeobox 1","6","22","10"
"TXNRD1","thioredoxin reductase 1","6","14","20"
"CDC23","cell division cycle 23","6","7","14"
"TMCC3","transmembrane and coiled-coil domain family 3","6","30","25"
"G6PD","glucose-6-phosphate dehydrogenase","6","0","0"
"OXA1L","OXA1L, mitochondrial inner membrane protein","6","0","0"
"APOC3","apolipoprotein C3","6","0","0"
"SIX2","SIX homeobox 2","6","0","0"
"JAM3","junctional adhesion molecule 3","6","0","0"
"CCDC107","coiled-coil domain containing 107","7","6","15"
"INSM2","INSM transcriptional repressor 2","12","6","22"
"GNA14","G protein subunit alpha 14","10","6","14"
"RECK","reversion inducing cysteine rich protein with kazal motifs","10","6","28"
"LAMP3","lysosomal associated membrane protein 3","16","6","23"
"VCPKMT","valosin containing protein lysine methyltransferase","0","6","0"
"FARS2","phenylalanyl-tRNA synthetase 2, mitochondrial","0","6","0"
"CENPN","centromere protein N","0","6","0"
"ARHGEF9","Cdc42 guanine nucleotide exchange factor 9","30","14","6"
"RSPRY1","ring finger and SPRY domain containing 1","29","11","6"
"NPFFR1","neuropeptide FF receptor 1","28","14","6"
"ABHD13","abhydrolase domain containing 13","23","18","6"
"ESPN","espin","30","16","6"
"ARRDC5","arrestin domain containing 5","22","14","6"
"NMI","N-myc and STAT interactor","11","19","6"
"NPR3","natriuretic peptide receptor 3","12","10","6"
"KCTD4","potassium channel tetramerization domain containing 4","23","21","6"
"CABLES2","Cdk5 and Abl enzyme substrate 2","0","0","6"
"TAS2R33","taste 2 receptor member 33","7","21","9"
"KIAA1549L","KIAA1549 like","7","16","18"
"C10orf10","chromosome 10 open reading frame 10","7","8","23"
"VSIG2","V-set and immunoglobulin domain containing 2","7","21","19"
"ASCL4","achaete-scute family bHLH transcription factor 4","7","12","10"
"COX15","COX15, cytochrome c oxidase assembly homolog","7","24","22"
"TMEM126A","transmembrane protein 126A","7","13","8"
"PRDX2","peroxiredoxin 2","7","0","0"
"CSTB","cystatin B","8","7","12"
"NCAPG2","non-SMC condensin II complex subunit G2","28","7","9"
"PCDHGA8","protocadherin gamma subfamily A, 8","27","7","28"
"GLTP","glycolipid transfer protein","20","7","24"
"RFXANK","regulatory factor X associated ankyrin containing protein","30","7","29"
"ZNF576","zinc finger protein 576","21","7","24"
"KRTAP19-4","keratin associated protein 19-4","9","7","24"
"CPA1","carboxypeptidase A1","0","7","0"
"FAM131A","family with sequence similarity 131 member A","30","15","7"
"USP22","ubiquitin specific peptidase 22","16","24","7"
"CRHR1","corticotropin releasing hormone receptor 1","21","28","7"
"ATP5J","ATP synthase, H+ transporting, mitochondrial Fo complex subunit F6","0","0","7"
"CARD11","caspase recruitment domain family member 11","0","0","7"
"GPAT4","glycerol-3-phosphate acyltransferase 4","0","0","7"
"SLC30A6","solute carrier family 30 member 6","0","0","7"
"MINDY4","MINDY lysine 48 deubiquitinase 4","8","14","24"
"LYL1","LYL1, basic helix-loop-helix family member","8","30","21"
"HLA-DQA1","major histocompatibility complex, class II, DQ alpha 1","8","13","16"
"ARVCF","armadillo repeat gene deleted in velocardiofacial syndrome","8","10","16"
"NCKAP5L","NCK associated protein 5 like","8","17","9"
"CREB3L3","cAMP responsive element binding protein 3 like 3","8","8","27"
"SMYD4","SET and MYND domain containing 4","8","14","28"
"TF","transferrin","8","0","0"
"SF3B1","splicing factor 3b subunit 1","19","8","24"
"PSKH1","protein serine kinase H1","10","8","9"
"CASTOR1","cytosolic arginine sensor for mTORC1 subunit 1","18","8","19"
"OPTN","optineurin","10","8","9"
"FOXL2","forkhead box L2","17","8","28"
"RGMA","repulsive guidance molecule family member a","26","8","28"
"ANGEL1","angel homolog 1","18","8","21"
"OR4C13","olfactory receptor family 4 subfamily C member 13","23","8","10"
"CAST","calpastatin","12","8","22"
"BLK","BLK proto-oncogene, Src family tyrosine kinase","20","8","9"
"APCDD1","APC down-regulated 1","24","8","12"
"CAMK2A","calcium/calmodulin dependent protein kinase II alpha","0","8","0"
"TLCD1","TLC domain containing 1","0","8","0"
"TG","thyroglobulin","0","8","0"
"PCDHGB1","protocadherin gamma subfamily B, 1","15","10","8"
"NMNAT3","nicotinamide nucleotide adenylyltransferase 3","23","16","8"
"ACSM6","acyl-CoA synthetase medium-chain family member 6","12","14","8"
"TM9SF1","transmembrane 9 superfamily member 1","27","21","8"
"C8orf48","chromosome 8 open reading frame 48","17","21","8"
"C19orf47","chromosome 19 open reading frame 47","10","10","8"
"PRAMEF17","PRAME family member 17","16","17","8"
"HNRNPCL1","heterogeneous nuclear ribonucleoprotein C-like 1","13","13","8"
"AP1M1","adaptor related protein complex 1 mu 1 subunit","0","0","8"
"ADAD1","adenosine deaminase domain containing 1","0","0","8"
"GIN1","gypsy retrotransposon integrase 1","0","0","8"
"PECR","peroxisomal trans-2-enoyl-CoA reductase","9","10","10"
"EPHB6","EPH receptor B6","9","20","21"
"GTF2A1","general transcription factor IIA subunit 1","9","15","18"
"MAPK9","mitogen-activated protein kinase 9","9","22","25"
"UQCR10","ubiquinol-cytochrome c reductase, complex III subunit X","9","28","16"
"DYNC2H1","dynein cytoplasmic 2 heavy chain 1","9","30","15"
"HLA-DQB1","major histocompatibility complex, class II, DQ beta 1","9","16","15"
"ECM2","extracellular matrix protein 2","9","0","0"
"C7orf43","chromosome 7 open reading frame 43","10","9","16"
"SIGLEC12","sialic acid binding Ig like lectin 12 (gene/pseudogene)","18","9","30"
"C14orf80","chromosome 14 open reading frame 80","24","9","24"
"HSBP1","heat shock factor binding protein 1","28","9","14"
"BBOX1","gamma-butyrobetaine hydroxylase 1","11","9","30"
"MS4A6E","membrane spanning 4-domains A6E","11","9","10"
"USF1","upstream transcription factor 1","0","9","0"
"NT5C","5', 3'-nucleotidase, cytosolic","0","9","0"
"CACYBP","calcyclin binding protein","0","9","0"
"DECR1","2,4-dienoyl-CoA reductase 1","0","9","0"
"DLGAP4","DLG associated protein 4","0","9","0"
"TMPRSS11D","transmembrane protease, serine 11D","0","9","0"
"UBAP1L","ubiquitin associated protein 1 like","19","13","9"
"B3GNT4","UDP-GlcNAc:betaGal beta-1,3-N-acetylglucosaminyltransferase 4","22","11","9"
"CD164L2","CD164 molecule like 2","10","21","9"
"PPP1R14A","protein phosphatase 1 regulatory inhibitor subunit 14A","27","15","9"
"VEPH1","ventricular zone expressed PH domain containing 1","26","10","9"
"ZBTB38","zinc finger and BTB domain containing 38","17","21","9"
"EIF4EBP3","eukaryotic translation initiation factor 4E binding protein 3","15","18","9"
"GRWD1","glutamate rich WD repeat containing 1","0","0","9"
"SPEN","spen family transcriptional repressor","0","0","9"
"SLC39A10","solute carrier family 39 member 10","0","0","9"
"FBXO32","F-box protein 32","10","16","10"
"ATL2","atlastin GTPase 2","10","20","27"
"OR4X1","olfactory receptor family 4 subfamily X member 1 (gene/pseudogene)","10","14","26"
"SPINT1","serine peptidase inhibitor, Kunitz type 1","10","13","27"
"ZNF34","zinc finger protein 34","10","15","21"
"SYMPK","symplekin","10","12","18"
"CCSER1","coiled-coil serine rich protein 1","10","0","0"
"AMMECR1","Alport syndrome, mental retardation, midface hypoplasia and elliptocytosis chromosomal region gene 1","10","0","0"
"LCORL","ligand dependent nuclear receptor corepressor like","10","0","0"
"CLEC2L","C-type lectin domain family 2 member L","17","10","22"
"ABCF1","ATP binding cassette subfamily F member 1","26","10","15"
"ZNF790","zinc finger protein 790","18","10","21"
"GABRA6","gamma-aminobutyric acid type A receptor alpha6 subunit","24","10","30"
"TCOF1","treacle ribosome biogenesis factor 1","14","10","25"
"CMTM6","CKLF like MARVEL transmembrane domain containing 6","0","10","0"
"CLUAP1","clusterin associated protein 1","0","10","0"
"RHOU","ras homolog family member U","0","10","0"
"MRPS27","mitochondrial ribosomal protein S27","0","10","0"
"CCDC36","coiled-coil domain containing 36","22","22","10"
"GPR85","G protein-coupled receptor 85","24","21","10"
"OR14I1","olfactory receptor family 14 subfamily I member 1","24","24","10"
"MZT1","mitotic spindle organizing protein 1","22","20","10"
"SLC26A4","solute carrier family 26 member 4","24","20","10"
"OR2L13","olfactory receptor family 2 subfamily L member 13","0","0","10"
"DAPK2","death associated protein kinase 2","0","0","10"
"PROM1","prominin 1","0","0","10"
"AUP1","ancient ubiquitous protein 1","0","0","10"
"ARFGEF1","ADP ribosylation factor guanine nucleotide exchange factor 1","11","18","15"
"CMTR1","cap methyltransferase 1","11","15","30"
"SUN1","Sad1 and UNC84 domain containing 1","11","30","30"
"TLR6","toll like receptor 6","11","0","0"
"ZNF449","zinc finger protein 449","11","0","0"
"SALL4","spalt like transcription factor 4","11","0","0"
"LATS2","large tumor suppressor kinase 2","11","0","0"
"DPH1","diphthamide biosynthesis 1","15","11","21"
"ASPRV1","aspartic peptidase, retroviral-like 1","23","11","14"
"WWTR1","WW domain containing transcription regulator 1","0","11","0"
"MTPN","myotrophin","0","11","0"
"USPL1","ubiquitin specific peptidase like 1","15","22","11"
"KCTD6","potassium channel tetramerization domain containing 6","18","16","11"
"SS18","SS18, nBAF chromatin remodeling complex subunit","20","15","11"
"ACAP1","ArfGAP with coiled-coil, ankyrin repeat and PH domains 1","20","26","11"
"BPIFB6","BPI fold containing family B member 6","0","0","11"
"TIAM1","T-cell lymphoma invasion and metastasis 1","0","0","11"
"KIR3DL3","killer cell immunoglobulin like receptor, three Ig domains and long cytoplasmic tail 3","12","27","14"
"MYBPC3","myosin binding protein C, cardiac","12","19","24"
"TMEM261","transmembrane protein 261","12","18","13"
"IL17F","interleukin 17F","12","12","27"
"R3HCC1L","R3H domain and coiled-coil containing 1 like","12","15","15"
"ALDH6A1","aldehyde dehydrogenase 6 family member A1","12","20","19"
"HDAC5","histone deacetylase 5","12","0","0"
"ZBTB20","zinc finger and BTB domain containing 20","12","0","0"
"SLC22A11","solute carrier family 22 member 11","25","12","14"
"SYT3","synaptotagmin 3","20","12","24"
"TYW3","tRNA-yW synthesizing protein 3 homolog","0","12","0"
"HMGCL","3-hydroxymethyl-3-methylglutaryl-CoA lyase","0","12","0"
"EBLN2","endogenous Bornavirus-like nucleoprotein 2","26","23","12"
"TRIM69","tripartite motif containing 69","14","23","12"
"NDUFB8","NADH:ubiquinone oxidoreductase subunit B8","19","18","12"
"PAF1","PAF1 homolog, Paf1/RNA polymerase II complex component","0","0","12"
"ASH1L","ASH1 like histone lysine methyltransferase","0","0","12"
"CRSP5","cofactor required for Sp1 transcriptional activation, subunit 5","0","0","12"
"CRABP1","cellular retinoic acid binding protein 1","0","0","12"
"FAM133A","family with sequence similarity 133 member A","0","0","12"
"PPFIBP2","PPFIA binding protein 2","0","0","12"
"TMCO2","transmembrane and coiled-coil domains 2","13","18","14"
"TIPARP","TCDD inducible poly(ADP-ribose) polymerase","13","24","13"
"HIST1H2BB","histone cluster 1 H2B family member b","13","14","17"
"UTF1","undifferentiated embryonic cell transcription factor 1","13","18","15"
"KRT3","keratin 3","13","27","26"
"GRHPR","glyoxylate and hydroxypyruvate reductase","13","19","27"
"FHL1","four and a half LIM domains 1","13","0","0"
"RAB10","RAB10, member RAS oncogene family","13","0","0"
"GTPBP6","GTP binding protein 6 (putative)","13","0","0"
"ANKRD13C","ankyrin repeat domain 13C","13","0","0"
"CDKL1","cyclin dependent kinase like 1","13","0","0"
"SBF1","SET binding factor 1","15","13","22"
"GIT1","GIT ArfGAP 1","30","13","26"
"SUN2","Sad1 and UNC84 domain containing 2","16","13","27"
"CCDC73","coiled-coil domain containing 73","0","13","0"
"SPTB","spectrin beta, erythrocytic","24","18","13"
"MET","MET proto-oncogene, receptor tyrosine kinase","16","16","13"
"BRD4","bromodomain containing 4","19","17","13"
"EIF4EBP2","eukaryotic translation initiation factor 4E binding protein 2","15","16","13"
"OTUB1","OTU deubiquitinase, ubiquitin aldehyde binding 1","15","24","13"
"GGPS1","geranylgeranyl diphosphate synthase 1","0","0","13"
"PGBD1","piggyBac transposable element derived 1","0","0","13"
"DGKD","diacylglycerol kinase delta","0","0","13"
"FBXL14","F-box and leucine rich repeat protein 14","0","0","13"
"ELOVL3","ELOVL fatty acid elongase 3","0","0","13"
"VN1R4","vomeronasal 1 receptor 4","14","21","28"
"MRO","maestro","14","24","26"
"SZT2","seizure threshold 2 homolog (mouse)","14","19","28"
"FAAH","fatty acid amide hydrolase","14","26","24"
"ATM","ATM serine/threonine kinase","14","24","30"
"GDF3","growth differentiation factor 3","14","14","16"
"UPK3A","uroplakin 3A","14","0","0"
"TSPY8","testis specific protein, Y-linked 8","14","0","0"
"SLC30A5","solute carrier family 30 member 5","14","0","0"
"LY96","lymphocyte antigen 96","14","0","0"
"BBS10","Bardet-Biedl syndrome 10","22","14","14"
"RNASE13","ribonuclease A family member 13 (inactive)","30","14","18"
"SOWAHA","sosondowah ankyrin repeat domain family member A","22","14","15"
"LRP11","LDL receptor related protein 11","22","14","25"
"RCHY1","ring finger and CHY zinc finger domain containing 1","22","14","22"
"PRRT3","proline rich transmembrane protein 3","16","14","14"
"ADHFE1","alcohol dehydrogenase, iron containing 1","0","14","0"
"BRD7","bromodomain containing 7","0","14","0"
"CCDC175","coiled-coil domain containing 175","25","15","14"
"OR10S1","olfactory receptor family 10 subfamily S member 1","15","18","14"
"PRSS38","protease, serine 38","30","24","14"
"DDX3Y","DEAD-box helicase 3, Y-linked","23","30","14"
"NXN","nucleoredoxin","26","16","14"
"CIZ1","CDKN1A interacting zinc finger protein 1","23","30","14"
"SAR1B","secretion associated Ras related GTPase 1B","0","0","14"
"CDS2","CDP-diacylglycerol synthase 2","15","18","30"
"IRAK1BP1","interleukin 1 receptor associated kinase 1 binding protein 1","15","18","17"
"PTCRA","pre T-cell antigen receptor alpha","15","22","22"
"C2orf68","chromosome 2 open reading frame 68","15","17","16"
"FAM173A","family with sequence similarity 173 member A","15","18","19"
"TFPI","tissue factor pathway inhibitor","15","24","15"
"TBRG4","transforming growth factor beta regulator 4","15","28","24"
"LIM2","lens intrinsic membrane protein 2","29","15","21"
"MDP1","magnesium dependent phosphatase 1","23","15","20"
"RBSN","rabenosyn, RAB effector","16","15","28"
"CTBP1","C-terminal binding protein 1","27","15","28"
"OR10K1","olfactory receptor family 10 subfamily K member 1","16","15","28"
"ZNF264","zinc finger protein 264","16","15","16"
"KRTAP7-1","keratin associated protein 7-1 (gene/pseudogene)","0","15","0"
"UFSP2","UFM1 specific peptidase 2","0","15","0"
"MRPL10","mitochondrial ribosomal protein L10","0","15","0"
"TMPRSS4","transmembrane protease, serine 4","20","30","15"
"VWC2L","von Willebrand factor C domain containing protein 2 like","23","16","15"
"GRHL3","grainyhead like transcription factor 3","30","23","15"
"CCR6","C-C motif chemokine receptor 6","26","24","15"
"ARMC2","armadillo repeat containing 2","28","25","15"
"WFDC8","WAP four-disulfide core domain 8","0","0","15"
"COX6A1","cytochrome c oxidase subunit 6A1","0","0","15"
"PCIF1","PDX1 C-terminal inhibiting factor 1","0","0","15"
"CT45A10","cancer/testis antigen family 45 member A10","16","25","24"
"SPINK2","serine peptidase inhibitor, Kazal type 2","16","24","23"
"GLP2R","glucagon like peptide 2 receptor","16","23","21"
"CRCP","CGRP receptor component","16","0","0"
"AHSG","alpha 2-HS glycoprotein","16","0","0"
"FTH1","ferritin heavy chain 1","16","0","0"
"RBL2","RB transcriptional corepressor like 2","16","0","0"
"ZNF30","zinc finger protein 30","24","16","16"
"MAG","myelin associated glycoprotein","17","16","22"
"MTG1","mitochondrial ribosome associated GTPase 1","17","16","25"
"FBXO28","F-box protein 28","23","16","21"
"ATG14","autophagy related 14","30","16","26"
"KIAA0368","KIAA0368","27","16","16"
"PGS1","phosphatidylglycerophosphate synthase 1","0","16","0"
"FCRLA","Fc receptor like A","0","16","0"
"BCAN","brevican","0","16","0"
"FOXP3","forkhead box P3","0","16","0"
"KCTD3","potassium channel tetramerization domain containing 3","30","23","16"
"C20orf194","chromosome 20 open reading frame 194","0","0","16"
"CXCR1","C-X-C motif chemokine receptor 1","0","0","16"
"GTF2IRD1","GTF2I repeat domain containing 1","0","0","16"
"REPIN1","replication initiator 1","0","0","16"
"TBC1D15","TBC1 domain family member 15","0","0","16"
"GABRD","gamma-aminobutyric acid type A receptor delta subunit","17","21","19"
"VAMP3","vesicle associated membrane protein 3","17","27","20"
"UBE2O","ubiquitin conjugating enzyme E2 O","17","0","0"
"LRRC2","leucine rich repeat containing 2","17","0","0"
"SRBD1","S1 RNA binding domain 1","17","0","0"
"AIG1","androgen induced 1","26","17","20"
"TMEM136","transmembrane protein 136","18","17","27"
"MREG","melanoregulin","28","17","30"
"TMBIM6","transmembrane BAX inhibitor motif containing 6","0","17","0"
"FAM19A3","family with sequence similarity 19 member A3, C-C motif chemokine like","25","18","17"
"CCL24","C-C motif chemokine ligand 24","26","28","17"
"PON1","paraoxonase 1","23","24","17"
"C1QA","complement C1q A chain","24","26","17"
"ACTR1A","ARP1 actin related protein 1 homolog A","30","29","17"
"OR4A16","olfactory receptor family 4 subfamily A member 16","0","0","17"
"KIAA2026","KIAA2026","0","0","17"
"INTS6","integrator complex subunit 6","18","20","26"
"ENSA","endosulfine alpha","18","0","0"
"EMX2","empty spiracles homeobox 2","18","0","0"
"STK4","serine/threonine kinase 4","18","0","0"
"TRIM45","tripartite motif containing 45","18","0","0"
"LIPG","lipase G, endothelial type","18","0","0"
"GSDMA","gasdermin A","18","0","0"
"TMEM241","transmembrane protein 241","18","0","0"
"LRRC43","leucine rich repeat containing 43","18","0","0"
"HCST","hematopoietic cell signal transducer","23","18","27"
"GPATCH2","G-patch domain containing 2","22","18","28"
"CRK","CRK proto-oncogene, adaptor protein","23","18","24"
"ALG11","ALG11, alpha-1,2-mannosyltransferase","0","18","0"
"FAN1","FANCD2 and FANCI associated nuclease 1","0","18","0"
"HIST2H4B","histone cluster 2 H4 family member b","0","18","0"
"PRPF6","pre-mRNA processing factor 6","0","18","0"
"TWF1","twinfilin actin binding protein 1","24","20","18"
"LLGL1","LLGL1, scribble cell polarity complex component","21","23","18"
"KDM1B","lysine demethylase 1B","26","21","18"
"IER2","immediate early response 2","0","0","18"
"OR4C12","olfactory receptor family 4 subfamily C member 12","0","0","18"
"CARS","cysteinyl-tRNA synthetase","0","0","18"
"ZNF442","zinc finger protein 442","0","0","18"
"STOM","stomatin","19","20","22"
"LIMA1","LIM domain and actin binding 1","19","0","0"
"TRAF3","TNF receptor associated factor 3","19","0","0"
"GMPS","guanine monophosphate synthase","19","0","0"
"FRMPD2","FERM and PDZ domain containing 2","19","0","0"
"TCEAL1","transcription elongation factor A like 1","0","19","0"
"VWA3B","von Willebrand factor A domain containing 3B","0","19","0"
"ZNF771","zinc finger protein 771","29","20","19"
"NANOS1","nanos C2HC-type zinc finger 1","0","0","19"
"SMARCAD1","SWI/SNF-related, matrix-associated actin-dependent regulator of chromatin, subfamily a, containing DEAD/H box 1","20","0","0"
"FIBP","FGF1 intracellular binding protein","20","0","0"
"CDH10","cadherin 10","20","0","0"
"TFB1M","transcription factor B1, mitochondrial","20","0","0"
"ADNP","activity dependent neuroprotector homeobox","20","0","0"
"LMAN1L","lectin, mannose binding 1 like","25","20","23"
"UQCRH","ubiquinol-cytochrome c reductase hinge protein","30","20","24"
"DIAPH1","diaphanous related formin 1","24","25","20"
"OR5D14","olfactory receptor family 5 subfamily D member 14","21","0","0"
"ANKRD39","ankyrin repeat domain 39","21","0","0"
"SCD5","stearoyl-CoA desaturase 5","28","21","24"
"UBA7","ubiquitin like modifier activating enzyme 7","0","21","0"
"SULT1A2","sulfotransferase family 1A member 2","0","21","0"
"FBXO44","F-box protein 44","0","21","0"
"UNC45A","unc-45 myosin chaperone A","0","21","0"
"AMIGO1","adhesion molecule with Ig like domain 1","0","21","0"
"NR3C2","nuclear receptor subfamily 3 group C member 2","0","0","21"
"NDUFAF2","NADH:ubiquinone oxidoreductase complex assembly factor 2","0","0","21"
"PPP1R12C","protein phosphatase 1 regulatory subunit 12C","0","0","21"
"PDZD3","PDZ domain containing 3","22","23","22"
"LRRC29","leucine rich repeat containing 29","22","0","0"
"HIST1H2BA","histone cluster 1 H2B family member a","22","0","0"
"MLLT3","MLLT3, super elongation complex subunit","29","22","30"
"TSPAN11","tetraspanin 11","0","22","0"
"TMEM89","transmembrane protein 89","23","28","22"
"TARBP1","TAR (HIV-1) RNA binding protein 1","0","0","22"
"IRF9","interferon regulatory factor 9","0","0","22"
"MTMR14","myotubularin related protein 14","0","0","22"
"GPR155","G protein-coupled receptor 155","0","0","22"
"DDX24","DEAD-box helicase 24","0","0","22"
"PGK2","phosphoglycerate kinase 2","23","24","25"
"PPP1R37","protein phosphatase 1 regulatory subunit 37","23","27","24"
"C1orf167","chromosome 1 open reading frame 167","23","0","0"
"NUPL2","nucleoporin like 2","23","0","0"
"SESN2","sestrin 2","23","0","0"
"KDM5B","lysine demethylase 5B","23","0","0"
"FZD1","frizzled class receptor 1","24","23","30"
"GLMN","glomulin, FKBP associated protein","24","23","24"
"ID3","inhibitor of DNA binding 3, HLH protein","0","23","0"
"SLC26A11","solute carrier family 26 member 11","0","23","0"
"ATP2A2","ATPase sarcoplasmic/endoplasmic reticulum Ca2+ transporting 2","0","23","0"
"OR6C70","olfactory receptor family 6 subfamily C member 70","0","23","0"
"COL6A3","collagen type VI alpha 3 chain","30","24","23"
"RCAN2","regulator of calcineurin 2","0","0","23"
"VPS45","vacuolar protein sorting 45 homolog","0","0","23"
"RNF121","ring finger protein 121","24","24","28"
"IL1A","interleukin 1 alpha","24","0","0"
"APLF","aprataxin and PNKP like factor","24","0","0"
"FUNDC1","FUN14 domain containing 1","24","0","0"
"ACADS","acyl-CoA dehydrogenase, C-2 to C-3 short chain","24","0","0"
"ZNF740","zinc finger protein 740","24","0","0"
"OLIG2","oligodendrocyte transcription factor 2","24","0","0"
"SRGAP2","SLIT-ROBO Rho GTPase activating protein 2","24","0","0"
"ZNF83","zinc finger protein 83","24","0","0"
"TCEANC2","transcription elongation factor A N-terminal and central domain containing 2","0","24","0"
"CLEC18B","C-type lectin domain family 18 member B","0","24","0"
"ESCO2","establishment of sister chromatid cohesion N-acetyltransferase 2","0","24","0"
"BSCL2","BSCL2, seipin lipid droplet biogenesis associated","0","24","0"
"LTA4H","leukotriene A4 hydrolase","0","24","0"
"AKT1","AKT serine/threonine kinase 1","29","24","29"
"AKT1S1","AKT1 substrate 1","29","24","29"
"BRAF","B-Raf proto-oncogene, serine/threonine kinase","29","24","29"
"CAB39","calcium binding protein 39","29","24","29"
"CAB39L","calcium binding protein 39 like","29","24","29"
"CBX2","chromobox 2","29","24","29"
"DDIT4","DNA damage inducible transcript 4","29","24","29"
"EIF4B","eukaryotic translation initiation factor 4B","29","24","29"
"EIF4E","eukaryotic translation initiation factor 4E","29","24","29"
"EIF4E2","eukaryotic translation initiation factor 4E family member 2","29","24","29"
"EIF4EBP1","eukaryotic translation initiation factor 4E binding protein 1","29","24","29"
"HIF1A","hypoxia inducible factor 1 alpha subunit","29","24","29"
"IGF1","insulin like growth factor 1","29","24","29"
"IKBKB","inhibitor of nuclear factor kappa B kinase subunit beta","29","24","29"
"IRS1","insulin receptor substrate 1","29","24","29"
"MAPK1","mitogen-activated protein kinase 1","29","24","29"
"MAPK3","mitogen-activated protein kinase 3","29","24","29"
"MLST8","MTOR associated protein, LST8 homolog","29","24","29"
"MTOR","mechanistic target of rapamycin","29","24","29"
"PDPK1","3-phosphoinositide dependent protein kinase 1","29","24","29"
"PIK3CA","phosphatidylinositol-4,5-bisphosphate 3-kinase catalytic subunit alpha","29","24","29"
"PIK3CB","phosphatidylinositol-4,5-bisphosphate 3-kinase catalytic subunit beta","29","24","29"
"PIK3CD","phosphatidylinositol-4,5-bisphosphate 3-kinase catalytic subunit delta","29","24","29"
"PIK3CG","phosphatidylinositol-4,5-bisphosphate 3-kinase catalytic subunit gamma","29","24","29"
"PIK3R1","phosphoinositide-3-kinase regulatory subunit 1","29","24","29"
"PIK3R2","phosphoinositide-3-kinase regulatory subunit 2","29","24","29"
"PIK3R3","phosphoinositide-3-kinase regulatory subunit 3","29","24","29"
"PIK3R5","phosphoinositide-3-kinase regulatory subunit 5","29","24","29"
"PRKAA1","protein kinase AMP-activated catalytic subunit alpha 1","29","24","29"
"PRKAA2","protein kinase AMP-activated catalytic subunit alpha 2","29","24","29"
"PRKCA","protein kinase C alpha","29","24","29"
"PRKCB","protein kinase C beta","29","24","29"
"PRKCG","protein kinase C gamma","29","24","29"
"PTEN","phosphatase and tensin homolog","29","24","29"
"RHEB","Ras homolog enriched in brain","29","24","29"
"RICTOR","RPTOR independent companion of MTOR complex 2","29","24","29"
"RPS6","ribosomal protein S6","29","24","29"
"RPS6KA1","ribosomal protein S6 kinase A1","29","24","29"
"RPS6KA2","ribosomal protein S6 kinase A2","29","24","29"
"RPS6KA3","ribosomal protein S6 kinase A3","29","24","29"
"RPS6KA6","ribosomal protein S6 kinase A6","29","24","29"
"RPS6KB1","ribosomal protein S6 kinase B1","29","24","29"
"RPS6KB2","ribosomal protein S6 kinase B2","29","24","29"
"RPTOR","regulatory associated protein of MTOR complex 1","29","24","29"
"RRAGA","Ras related GTP binding A","29","24","29"
"RRAGB","Ras related GTP binding B","29","24","29"
"RRAGC","Ras related GTP binding C","29","24","29"
"RRAGD","Ras related GTP binding D","29","24","29"
"RYBP","RING1 and YY1 binding protein","29","24","29"
"STK11","serine/threonine kinase 11","29","24","29"
"STRADA","STE20-related kinase adaptor alpha","29","24","29"
"TNF","tumor necrosis factor","29","24","29"
"TSC1","tuberous sclerosis 1","29","24","29"
"TSC2","tuberous sclerosis 2","29","24","29"
"ULK1","unc-51 like autophagy activating kinase 1","29","24","29"
"ULK2","unc-51 like autophagy activating kinase 2","29","24","29"
"VEGFA","vascular endothelial growth factor A","29","24","29"
"OR6B3","olfactory receptor family 6 subfamily B member 3","28","30","24"
"PHLPP2","PH domain and leucine rich repeat protein phosphatase 2","0","0","24"
"HIST1H3A","histone cluster 1 H3 family member a","0","0","24"
"ECHDC1","ethylmalonyl-CoA decarboxylase 1","0","0","24"
"LDHA","lactate dehydrogenase A","0","0","24"
"IL6R","interleukin 6 receptor","0","0","24"
"CFHR1","complement factor H related 1","0","0","24"
"NCOA7","nuclear receptor coactivator 7","25","0","0"
"PCDHB15","protocadherin beta 15","25","0","0"
"ELOVL6","ELOVL fatty acid elongase 6","25","0","0"
"C1orf35","chromosome 1 open reading frame 35","25","0","0"
"STK32C","serine/threonine kinase 32C","0","25","0"
"TADA2A","transcriptional adaptor 2A","0","25","0"
"NXNL2","nucleoredoxin-like 2","0","0","25"
"GTF3C4","general transcription factor IIIC subunit 4","26","0","0"
"TAF5L","TATA-box binding protein associated factor 5 like","26","0","0"
"RBAK-RBAKDN","RBAK-RBAKDN readthrough","26","0","0"
"CT45A8","cancer/testis antigen family 45 member A8","26","0","0"
"TMEM117","transmembrane protein 117","0","26","0"
"LMX1A","LIM homeobox transcription factor 1 alpha","0","26","0"
"SLC27A6","solute carrier family 27 member 6","0","26","0"
"AVPR1A","arginine vasopressin receptor 1A","0","0","26"
"GPR52","G protein-coupled receptor 52","0","0","26"
"CCR4","C-C motif chemokine receptor 4","27","0","0"
"ZC3HC1","zinc finger C3HC-type containing 1","27","0","0"
"HIST1H3G","histone cluster 1 H3 family member g","28","27","30"
"DLX3","distal-less homeobox 3","0","27","0"
"C9orf129","chromosome 9 open reading frame 129","0","27","0"
"THAP6","THAP domain containing 6","0","0","27"
"ANAPC1","anaphase promoting complex subunit 1","0","0","27"
"SPRR2B","small proline rich protein 2B","0","0","27"
"SEPT14","septin 14","0","28","0"
"CHD7","chromodomain helicase DNA binding protein 7","0","28","0"
"USP19","ubiquitin specific peptidase 19","0","0","28"
"SAMD11","sterile alpha motif domain containing 11","0","0","29"
"UIMC1","ubiquitin interaction motif containing 1","30","0","0"
"GNA15","G protein subunit alpha 15","0","30","0"
"ZNHIT6","zinc finger HIT-type containing 6","0","30","0"
"APOBEC3C","apolipoprotein B mRNA editing enzyme catalytic subunit 3C","0","30","0"
"TIGD2","tigger transposable element derived 2","0","0","30"
